[
  {
    "ParameterKey": "ProjectName",
    "ParameterValue": "UdagramHA"
  },
  {
    "ParameterKey": "WebAppServersMinSize",
    "ParameterValue": "2"
  },
  {
    "ParameterKey": "WebAppServersMaxSize",
    "ParameterValue": "4"
  },
  {
    "ParameterKey": "WebAppServersDesiredCapacity",
    "ParameterValue": "4"
  },
  {
    "ParameterKey": "S3CodeRepo",
    "ParameterValue": "s3://ha-bucket-udacity/udacity.zip"
  },
  {
    "ParameterKey": "KeyPairName",
    "ParameterValue": "that-one"
  }
]